SupplierOrderID,SupplierID,PurchaseOfficerID,OrderDate,ReceiptDate,OrderStatus,PaymentAmount
1,4,18,5-Jun-24,5-Jul-24,Pending,5791.27
2,4,1,11-Jun-24,4-Aug-24,Complete,9025.33
3,5,16,3-Jun-24,14-Jul-24,Pending,9109.89
4,4,18,20-Jun-24,22-Jul-24,Pending,798.32
5,3,1,25-Jun-24,20-Aug-24,Pending,7657.20
6,4,18,7-Jun-24,3-Aug-24,Complete,7142.57
7,9,7,27-Jun-24,13-Jul-24,Complete,9743.39
8,8,17,15-Jun-24,21-Aug-24,Complete,2738.43
9,8,18,10-Jun-24,4-Jul-24,Complete,7936.58
10,9,7,21-Jun-24,30-Jul-24,Pending,9563.45
11,3,10,17-Jun-24,14-Aug-24,Complete,4495.13
12,7,7,30-Jun-24,11-Aug-24,Pending,1112.44
13,6,18,19-Jun-24,29-Aug-24,Pending,4603.22
14,2,1,29-Jun-24,28-Aug-24,Pending,9200.24
15,2,7,16-Jun-24,14-Jul-24,Complete,1681.92
16,9,16,25-Jun-24,24-Jul-24,Pending,5324.50
17,2,17,22-Jun-24,2-Aug-24,Complete,540.33
18,9,10,23-Jun-24,28-Aug-24,Complete,5898.41
19,9,16,13-Jun-24,26-Aug-24,Complete,6811.22
20,9,17,8-Jun-24,11-Aug-24,Complete,5227.40
21,7,16,28-Jun-24,29-Aug-24,Pending,4585.92
22,10,1,1-Jun-24,16-Aug-24,Pending,2661.44
23,10,16,30-Jun-24,30-Jul-24,Complete,5300.01
24,3,1,21-Jun-24,22-Aug-24,Pending,5280.31
25,5,16,22-Jun-24,20-Jul-24,Pending,9225.82
26,2,7,6-Jun-24,27-Jul-24,Pending,734.98
27,5,7,7-Jun-24,3-Aug-24,Pending,8888.87
28,9,10,8-Jun-24,25-Jul-24,Pending,8540.77
29,5,1,30-Jun-24,30-Jul-24,Complete,6495.01
30,7,18,24-Jun-24,10-Jul-24,Complete,6285.26
31,1,18,21-Jun-24,31-Aug-24,Complete,5511.19
32,7,17,24-Jun-24,17-Aug-24,Complete,6279.36
33,3,1,8-Jun-24,19-Jul-24,Complete,6857.43
34,1,17,28-Jun-24,5-Aug-24,Complete,1195.20
35,7,10,17-Jun-24,14-Jul-24,Complete,2396.57
36,5,10,4-Jun-24,29-Aug-24,Complete,1419.55
37,8,18,11-Jun-24,13-Aug-24,Complete,8273.41
38,7,18,22-Jun-24,21-Aug-24,Complete,8465.80
39,3,16,7-Jun-24,22-Jul-24,Pending,2556.01
40,8,1,19-Jun-24,15-Aug-24,Complete,869.08
41,9,1,8-Jun-24,11-Jul-24,Pending,6929.01
42,8,16,26-Jun-24,10-Jul-24,Pending,1262.68
43,7,10,12-Jun-24,13-Aug-24,Pending,3031.86
44,2,7,19-Jun-24,10-Jul-24,Pending,9999.47
45,6,17,7-Jun-24,4-Aug-24,Complete,8066.58
46,4,16,21-Jun-24,19-Jul-24,Pending,3639.84
47,2,1,12-Jun-24,17-Jul-24,Complete,2373.29
48,4,10,18-Jun-24,31-Jul-24,Complete,3579.91
49,3,17,30-Jun-24,19-Aug-24,Complete,8066.90
50,9,18,24-Jun-24,31-Aug-24,Pending,6316.93
51,5,16,29-Jun-24,25-Aug-24,Complete,7068.57
52,6,1,2-Jun-24,12-Aug-24,Pending,2882.21
53,2,18,14-Jun-24,17-Aug-24,Pending,4934.54
54,5,16,13-Jun-24,15-Jul-24,Complete,8889.92
55,6,1,1-Jul-24,11-Aug-24,Complete,3944.11
56,6,10,6-Jun-24,20-Jul-24,Pending,3502.43
57,3,7,30-Jun-24,20-Jul-24,Pending,2477.42
58,7,10,4-Jun-24,6-Aug-24,Pending,5485.64
59,6,18,3-Jul-24,26-Aug-24,Pending,2638.88
60,4,10,12-Jun-24,4-Jul-24,Pending,1179.29
61,10,18,5-Jun-24,19-Jul-24,Complete,9851.40
62,1,7,9-Jun-24,20-Aug-24,Complete,2289.24
63,5,1,26-Jun-24,5-Aug-24,Pending,6844.28
64,3,7,13-Jun-24,14-Jul-24,Pending,8138.14
65,9,7,20-Jun-24,16-Aug-24,Pending,5121.66
66,5,7,20-Jun-24,4-Aug-24,Complete,4050.54
67,4,1,11-Jun-24,19-Aug-24,Complete,4166.85
68,3,10,19-Jun-24,25-Jul-24,Pending,9317.07
69,3,1,3-Jun-24,1-Aug-24,Complete,3470.39
70,6,16,25-Jun-24,11-Aug-24,Complete,3244.04
71,1,1,13-Jun-24,6-Jul-24,Complete,570.79
72,3,17,16-Jun-24,29-Jul-24,Pending,7391.88
73,4,7,16-Jun-24,18-Jul-24,Pending,1071.38
74,10,16,26-Jun-24,20-Aug-24,Complete,5648.33
75,3,17,15-Jun-24,27-Aug-24,Pending,4049.31
76,8,7,29-Jun-24,29-Jul-24,Complete,8304.67
77,5,1,16-Jun-24,24-Aug-24,Complete,2488.28
78,9,16,24-Jun-24,5-Jul-24,Pending,2595.31
79,2,16,26-Jun-24,19-Aug-24,Pending,5479.34
80,5,17,19-Jun-24,29-Aug-24,Pending,8561.12
81,9,17,3-Jul-24,6-Aug-24,Pending,7364.08
82,2,1,13-Jun-24,23-Jul-24,Complete,2907.79
83,10,1,16-Jun-24,15-Jul-24,Complete,4950.61
84,2,18,3-Jul-24,1-Aug-24,Complete,3118.79
85,3,10,3-Jun-24,12-Jul-24,Complete,6260.35
86,3,16,3-Jun-24,9-Jul-24,Pending,8226.67
87,7,10,21-Jun-24,19-Aug-24,Pending,4959.89
88,3,16,10-Jun-24,22-Aug-24,Pending,3491.57
89,10,10,18-Jun-24,25-Jul-24,Pending,4388.24
90,2,1,19-Jun-24,13-Aug-24,Complete,1053.73
91,3,10,16-Jun-24,6-Aug-24,Pending,2196.30
92,4,18,22-Jun-24,16-Aug-24,Pending,507.62
93,7,7,27-Jun-24,22-Jul-24,Pending,7042.41
94,7,16,15-Jun-24,19-Jul-24,Complete,7797.27
95,8,1,1-Jul-24,6-Jul-24,Complete,6953.64
96,2,17,18-Jun-24,17-Aug-24,Pending,3971.83
97,5,16,7-Jun-24,23-Jul-24,Pending,1640.85
98,6,18,18-Jun-24,5-Jul-24,Pending,8806.38
99,2,10,5-Jun-24,2-Aug-24,Complete,2342.13
100,9,16,22-Jun-24,11-Jul-24,Complete,8211.50
101,10,18,12-Jun-24,27-Aug-24,Pending,9740.85
102,4,17,18-Jun-24,28-Jul-24,Pending,5180.62
103,7,17,15-Jun-24,4-Aug-24,Pending,8220.74
104,3,18,1-Jun-24,24-Jul-24,Pending,6746.83
105,4,7,10-Jun-24,7-Jul-24,Pending,4500.93
106,2,7,27-Jun-24,13-Aug-24,Pending,7749.07
107,2,16,20-Jun-24,15-Jul-24,Pending,4263.18
108,7,7,3-Jul-24,19-Jul-24,Complete,1331.78
109,2,10,11-Jun-24,10-Jul-24,Pending,6267.65
110,2,16,11-Jun-24,12-Aug-24,Complete,6663.02
111,6,16,2-Jun-24,27-Jul-24,Complete,5916.59
112,3,17,7-Jun-24,9-Aug-24,Pending,9758.38
113,4,16,26-Jun-24,10-Aug-24,Complete,1094.30
114,5,18,18-Jun-24,7-Aug-24,Complete,3053.25
115,6,16,29-Jun-24,30-Aug-24,Pending,1774.09
116,5,16,15-Jun-24,15-Jul-24,Pending,7457.16
117,3,10,2-Jul-24,15-Jul-24,Complete,2856.48
118,2,1,19-Jun-24,15-Jul-24,Pending,1008.31
119,9,1,29-Jun-24,3-Aug-24,Pending,8993.44
120,6,16,19-Jun-24,29-Jul-24,Complete,4921.65
121,9,16,28-Jun-24,17-Aug-24,Complete,8224.75
122,3,10,10-Jun-24,25-Aug-24,Pending,9389.48
123,3,1,17-Jun-24,19-Aug-24,Pending,1891.92
124,2,10,1-Jul-24,29-Jul-24,Complete,1123.19
125,7,1,26-Jun-24,28-Jul-24,Complete,3786.18
126,5,1,16-Jun-24,25-Jul-24,Complete,2330.38
127,1,16,23-Jun-24,24-Jul-24,Complete,6638.42
128,3,10,29-Jun-24,19-Aug-24,Pending,3695.86
129,7,18,12-Jun-24,9-Aug-24,Complete,6973.36
130,3,16,23-Jun-24,13-Aug-24,Pending,4330.17
131,6,1,6-Jun-24,20-Jul-24,Pending,1799.25
132,9,17,2-Jul-24,26-Aug-24,Complete,3351.90
133,7,1,3-Jun-24,23-Jul-24,Complete,7502.95
134,10,17,11-Jun-24,27-Jul-24,Complete,4988.96
135,5,17,14-Jun-24,12-Jul-24,Complete,1066.10
136,8,1,29-Jun-24,16-Aug-24,Complete,9158.42
137,3,18,2-Jul-24,25-Jul-24,Pending,2950.64
138,7,10,3-Jun-24,24-Jul-24,Pending,9443.50
139,5,10,4-Jun-24,24-Jul-24,Complete,2982.60
140,9,7,30-Jun-24,21-Jul-24,Pending,9168.13
141,8,10,26-Jun-24,21-Aug-24,Complete,1732.18
142,1,18,22-Jun-24,11-Aug-24,Complete,4709.41
143,4,1,26-Jun-24,16-Jul-24,Pending,2078.33
144,9,7,15-Jun-24,28-Jul-24,Pending,4214.21
145,10,18,8-Jun-24,26-Aug-24,Complete,2445.29
146,4,18,8-Jun-24,5-Jul-24,Complete,5435.27
147,8,18,10-Jun-24,5-Jul-24,Pending,2022.63
148,9,17,21-Jun-24,6-Jul-24,Complete,8382.09
149,9,17,4-Jun-24,1-Aug-24,Pending,805.57
150,2,1,2-Jun-24,16-Jul-24,Complete,693.39
151,8,10,8-Jun-24,13-Aug-24,Pending,6065.28
152,5,1,23-Jun-24,1-Aug-24,Complete,6234.23
153,5,18,2-Jul-24,24-Jul-24,Complete,6983.28
154,3,10,15-Jun-24,2-Aug-24,Pending,6206.79
155,3,18,4-Jun-24,17-Aug-24,Pending,2563.81
156,6,7,30-Jun-24,26-Jul-24,Complete,5370.38
157,6,18,13-Jun-24,4-Aug-24,Pending,8638.05
158,2,16,11-Jun-24,18-Jul-24,Pending,3423.31
159,6,16,18-Jun-24,18-Jul-24,Complete,7940.60
160,6,16,14-Jun-24,25-Jul-24,Complete,7888.39
161,3,16,27-Jun-24,3-Aug-24,Complete,5529.66
162,3,7,17-Jun-24,14-Aug-24,Complete,9216.78
163,4,1,3-Jun-24,13-Aug-24,Complete,1124.07
164,7,1,26-Jun-24,12-Jul-24,Pending,5737.47
165,7,18,20-Jun-24,27-Jul-24,Pending,2688.25
166,8,10,17-Jun-24,22-Jul-24,Pending,6993.22
167,1,10,19-Jun-24,15-Aug-24,Pending,1552.46
168,5,18,26-Jun-24,28-Jul-24,Complete,5539.36
169,3,7,5-Jun-24,7-Aug-24,Complete,8028.19
170,2,1,23-Jun-24,21-Jul-24,Pending,4130.02
171,10,10,7-Jun-24,29-Aug-24,Complete,1214.19
172,3,16,28-Jun-24,12-Aug-24,Pending,2906.81
173,7,7,30-Jun-24,4-Jul-24,Complete,4248.72
174,6,7,15-Jun-24,3-Aug-24,Complete,6990.27
175,10,17,25-Jun-24,5-Jul-24,Pending,5645.98
176,2,17,6-Jun-24,31-Aug-24,Complete,7898.80
177,7,16,26-Jun-24,15-Jul-24,Pending,8388.99
178,5,10,20-Jun-24,15-Jul-24,Pending,9587.29
179,2,10,17-Jun-24,27-Jul-24,Pending,1318.30
180,2,1,8-Jun-24,21-Jul-24,Complete,9366.25
181,5,7,26-Jun-24,26-Jul-24,Complete,6093.57
182,2,17,25-Jun-24,25-Jul-24,Pending,3616.03
183,2,1,22-Jun-24,12-Jul-24,Complete,3579.19
184,1,18,9-Jun-24,26-Jul-24,Pending,973.01
185,6,10,12-Jun-24,31-Jul-24,Pending,5702.86
186,9,7,16-Jun-24,4-Aug-24,Pending,4771.03
187,6,1,2-Jul-24,24-Aug-24,Complete,9715.71
188,6,16,30-Jun-24,29-Aug-24,Pending,6526.16
189,9,1,30-Jun-24,29-Aug-24,Pending,7994.13
190,1,17,3-Jun-24,20-Aug-24,Complete,4080.17
191,6,10,13-Jun-24,5-Aug-24,Pending,4131.59
192,2,10,11-Jun-24,13-Aug-24,Complete,2661.38
193,8,10,5-Jun-24,19-Aug-24,Pending,5632.18
194,10,18,2-Jun-24,28-Jul-24,Pending,7949.40
195,8,1,1-Jul-24,18-Jul-24,Complete,9183.23
196,3,1,10-Jun-24,3-Aug-24,Pending,7645.88
197,2,18,13-Jun-24,9-Aug-24,Complete,4360.20
198,3,1,3-Jul-24,31-Aug-24,Complete,8809.96
199,3,7,30-Jun-24,21-Aug-24,Pending,8596.86
200,10,1,22-Jun-24,14-Jul-24,Pending,4205.14
201,6,10,2-Jul-24,25-Aug-24,Pending,815.97
202,5,16,13-Jun-24,21-Jul-24,Pending,3124.13
203,1,10,30-Jun-24,23-Jul-24,Pending,9577.09
204,7,18,28-Jun-24,1-Aug-24,Complete,9810.61
205,8,7,22-Jun-24,17-Aug-24,Pending,5741.64
206,9,1,29-Jun-24,31-Aug-24,Pending,6077.00
207,7,17,27-Jun-24,11-Aug-24,Pending,3799.16
208,1,10,20-Jun-24,17-Jul-24,Complete,1779.09
209,5,18,13-Jun-24,5-Jul-24,Complete,609.21
210,2,17,16-Jun-24,12-Aug-24,Pending,8235.78
211,3,16,24-Jun-24,12-Aug-24,Pending,9295.44
212,3,7,18-Jun-24,21-Aug-24,Pending,9098.79
213,6,16,20-Jun-24,25-Jul-24,Complete,3136.96
214,5,1,13-Jun-24,8-Aug-24,Complete,896.82
215,2,7,1-Jun-24,15-Aug-24,Pending,3378.40
216,8,7,20-Jun-24,26-Jul-24,Pending,1906.86
217,7,18,18-Jun-24,9-Jul-24,Pending,3516.15
218,5,10,7-Jun-24,30-Jul-24,Complete,2053.06
219,4,18,19-Jun-24,7-Jul-24,Pending,1669.98
220,8,17,14-Jun-24,8-Aug-24,Pending,1484.86
221,5,7,17-Jun-24,28-Aug-24,Complete,6311.60
222,6,18,27-Jun-24,26-Aug-24,Pending,7675.55
223,4,10,4-Jun-24,19-Jul-24,Pending,7326.02
224,6,10,17-Jun-24,6-Jul-24,Pending,6347.57
225,2,18,18-Jun-24,29-Aug-24,Pending,2663.21
226,7,1,29-Jun-24,12-Aug-24,Pending,877.01
227,9,16,5-Jun-24,13-Aug-24,Pending,1438.22
228,5,10,28-Jun-24,18-Jul-24,Complete,4884.19
229,9,18,6-Jun-24,27-Aug-24,Pending,3123.61
230,1,16,23-Jun-24,15-Jul-24,Pending,3902.47
231,8,7,8-Jun-24,26-Aug-24,Complete,3499.58
232,6,17,24-Jun-24,6-Jul-24,Complete,5551.12
233,7,1,1-Jun-24,8-Aug-24,Pending,3081.06
234,3,18,3-Jun-24,7-Jul-24,Pending,1829.82
235,9,7,18-Jun-24,11-Aug-24,Pending,8203.28
236,6,7,23-Jun-24,18-Aug-24,Complete,5922.92
237,8,17,25-Jun-24,21-Aug-24,Pending,5721.11
238,8,10,8-Jun-24,16-Aug-24,Pending,2512.46
239,5,7,3-Jun-24,27-Jul-24,Pending,4991.04
240,7,10,12-Jun-24,27-Aug-24,Complete,6278.12
241,4,7,8-Jun-24,27-Jul-24,Pending,6050.55
242,3,17,3-Jun-24,23-Jul-24,Pending,4770.94
243,8,17,2-Jun-24,3-Aug-24,Complete,1296.82
244,9,10,21-Jun-24,22-Jul-24,Complete,3783.60
245,8,18,3-Jun-24,21-Jul-24,Complete,713.90
246,2,16,30-Jun-24,23-Jul-24,Pending,942.11
247,8,17,7-Jun-24,30-Aug-24,Complete,8123.11
248,5,1,13-Jun-24,10-Aug-24,Complete,1636.00
249,5,1,2-Jul-24,17-Aug-24,Pending,7734.38
250,6,17,2-Jun-24,10-Jul-24,Complete,4098.39
251,7,7,27-Jun-24,1-Aug-24,Complete,7728.97
252,3,7,10-Jun-24,25-Jul-24,Complete,3804.67
253,1,7,27-Jun-24,25-Jul-24,Pending,5518.98
254,2,17,28-Jun-24,11-Aug-24,Pending,897.32
255,4,7,8-Jun-24,13-Aug-24,Complete,6121.99
256,3,18,15-Jun-24,16-Aug-24,Complete,8386.85
257,4,18,10-Jun-24,28-Aug-24,Pending,6552.16
258,5,17,7-Jun-24,16-Jul-24,Pending,4195.27
259,7,17,17-Jun-24,23-Jul-24,Pending,2533.52
260,1,16,2-Jun-24,30-Jul-24,Complete,1684.83
261,4,16,20-Jun-24,16-Jul-24,Complete,2944.56
262,6,1,28-Jun-24,20-Jul-24,Pending,6568.69
263,2,16,24-Jun-24,16-Jul-24,Pending,855.91
264,6,1,20-Jun-24,4-Jul-24,Pending,5873.06
265,9,10,13-Jun-24,1-Aug-24,Pending,8193.60
266,10,18,21-Jun-24,21-Aug-24,Pending,2108.80
267,5,1,25-Jun-24,9-Aug-24,Complete,9148.27
268,2,10,22-Jun-24,14-Jul-24,Complete,3010.19
269,3,16,29-Jun-24,4-Jul-24,Pending,3138.00
270,3,17,21-Jun-24,19-Aug-24,Complete,791.25
271,6,10,9-Jun-24,31-Jul-24,Complete,5646.57
272,5,1,5-Jun-24,17-Jul-24,Complete,9696.62
273,2,1,29-Jun-24,4-Aug-24,Pending,9324.48
274,2,1,2-Jul-24,19-Jul-24,Pending,5380.46
275,4,7,2-Jun-24,15-Jul-24,Complete,8395.72
276,9,16,16-Jun-24,5-Jul-24,Complete,8669.92
277,2,17,17-Jun-24,14-Jul-24,Pending,836.43
278,8,10,14-Jun-24,27-Jul-24,Pending,570.97
279,8,10,7-Jun-24,9-Aug-24,Complete,5667.26
280,2,16,2-Jun-24,20-Jul-24,Pending,9757.30
281,8,16,20-Jun-24,2-Aug-24,Complete,940.18
282,7,16,27-Jun-24,5-Aug-24,Complete,6370.84
283,6,17,25-Jun-24,6-Aug-24,Complete,3539.00
284,8,17,12-Jun-24,7-Aug-24,Pending,3542.02
285,6,1,1-Jul-24,18-Aug-24,Pending,5812.34
286,7,18,25-Jun-24,9-Jul-24,Complete,2331.90
287,8,10,8-Jun-24,22-Aug-24,Pending,5006.34
288,6,1,8-Jun-24,19-Jul-24,Pending,3748.88
289,1,10,13-Jun-24,17-Jul-24,Complete,1006.75
290,9,17,18-Jun-24,30-Jul-24,Pending,1667.45
291,2,18,24-Jun-24,7-Aug-24,Complete,5638.29
292,7,17,30-Jun-24,17-Aug-24,Complete,6746.76
293,6,18,20-Jun-24,16-Aug-24,Complete,4319.31
294,5,17,19-Jun-24,12-Aug-24,Pending,1994.90
295,3,1,1-Jul-24,19-Aug-24,Complete,8873.20
296,1,17,1-Jul-24,28-Jul-24,Complete,8530.00
297,1,10,15-Jun-24,24-Aug-24,Complete,7974.74
298,4,1,24-Jun-24,26-Jul-24,Pending,4818.63
299,8,18,22-Jun-24,8-Jul-24,Complete,9259.75
300,5,7,3-Jun-24,28-Jul-24,Complete,1579.32
301,7,17,18-Jun-24,30-Aug-24,Complete,4752.14
302,9,7,23-Jun-24,17-Aug-24,Pending,2695.80
303,7,1,14-Jun-24,5-Jul-24,Pending,8972.85
304,3,10,15-Jun-24,16-Jul-24,Pending,1247.85
305,8,1,3-Jul-24,22-Jul-24,Complete,4484.26
306,9,7,28-Jun-24,23-Aug-24,Pending,3491.40
307,6,16,10-Jun-24,18-Aug-24,Complete,1276.05
308,6,7,14-Jun-24,30-Jul-24,Pending,9723.15
309,6,10,18-Jun-24,21-Jul-24,Pending,6474.22
310,1,7,27-Jun-24,4-Jul-24,Pending,2645.46
311,8,16,9-Jun-24,8-Jul-24,Pending,5737.13
312,8,10,19-Jun-24,2-Aug-24,Complete,3254.03
313,1,1,11-Jun-24,29-Aug-24,Pending,3048.39
314,6,18,11-Jun-24,13-Aug-24,Pending,8766.14
315,5,16,26-Jun-24,15-Aug-24,Complete,9854.38
316,1,17,8-Jun-24,16-Jul-24,Pending,1458.38
317,5,7,12-Jun-24,8-Aug-24,Pending,4425.46
318,5,1,13-Jun-24,17-Aug-24,Complete,8739.59
319,4,7,11-Jun-24,12-Jul-24,Complete,7402.29
320,1,10,8-Jun-24,12-Aug-24,Complete,4506.01
321,7,18,3-Jul-24,15-Jul-24,Pending,8626.16
322,2,18,17-Jun-24,12-Aug-24,Pending,6035.77
323,5,10,16-Jun-24,19-Aug-24,Complete,1910.81
324,1,10,25-Jun-24,17-Jul-24,Complete,9896.61
325,10,1,19-Jun-24,7-Jul-24,Complete,4368.54
326,2,7,12-Jun-24,8-Jul-24,Pending,3957.13
327,9,18,2-Jul-24,29-Aug-24,Complete,5352.23
328,9,18,24-Jun-24,24-Jul-24,Complete,4487.88
329,2,17,2-Jul-24,14-Jul-24,Pending,6634.54
330,7,10,30-Jun-24,18-Jul-24,Pending,3381.82
331,6,7,25-Jun-24,23-Aug-24,Complete,7969.56
332,1,7,30-Jun-24,3-Aug-24,Pending,1377.94
333,6,10,23-Jun-24,9-Jul-24,Pending,4120.26
334,4,7,21-Jun-24,23-Jul-24,Complete,5615.25
335,4,18,11-Jun-24,10-Jul-24,Complete,7757.33
336,5,17,12-Jun-24,7-Aug-24,Pending,4562.84
337,9,7,25-Jun-24,14-Aug-24,Pending,4185.82
338,5,17,2-Jul-24,22-Jul-24,Complete,5203.28
339,6,18,26-Jun-24,29-Aug-24,Pending,3989.53
340,3,7,22-Jun-24,22-Jul-24,Pending,1251.34
341,2,10,8-Jun-24,9-Aug-24,Complete,2732.19
342,6,10,12-Jun-24,24-Aug-24,Pending,8315.62
343,2,18,12-Jun-24,29-Jul-24,Pending,8815.51
344,5,7,2-Jun-24,14-Aug-24,Pending,3674.90
345,5,17,8-Jun-24,18-Aug-24,Complete,5640.08
346,8,10,25-Jun-24,4-Jul-24,Complete,1611.37
347,10,18,20-Jun-24,20-Jul-24,Complete,4620.02
348,2,1,13-Jun-24,20-Jul-24,Pending,2917.25
349,5,7,6-Jun-24,7-Aug-24,Complete,3746.58
350,1,1,19-Jun-24,11-Jul-24,Pending,626.82
351,3,16,15-Jun-24,5-Aug-24,Pending,6860.97
352,2,17,4-Jun-24,18-Jul-24,Pending,871.37
353,7,16,26-Jun-24,29-Aug-24,Pending,2595.16
354,3,17,22-Jun-24,26-Aug-24,Complete,2948.81
355,8,1,2-Jul-24,8-Jul-24,Pending,6163.29
356,4,18,21-Jun-24,15-Jul-24,Pending,3924.60
357,3,16,25-Jun-24,22-Aug-24,Pending,2505.55
358,1,17,10-Jun-24,14-Aug-24,Complete,3525.70
359,9,18,22-Jun-24,21-Jul-24,Complete,8822.81
360,6,16,16-Jun-24,26-Aug-24,Complete,7215.67
361,1,7,12-Jun-24,1-Aug-24,Pending,3570.21
362,1,17,1-Jun-24,1-Aug-24,Complete,2288.18
363,4,10,7-Jun-24,18-Jul-24,Pending,1776.89
364,6,10,6-Jun-24,7-Jul-24,Pending,703.49
365,5,7,3-Jul-24,26-Jul-24,Complete,7528.11
366,8,18,2-Jul-24,28-Aug-24,Complete,3545.38
367,5,16,3-Jul-24,2-Aug-24,Pending,9450.75
368,6,10,24-Jun-24,13-Jul-24,Pending,9146.47
369,3,10,2-Jul-24,15-Aug-24,Pending,1271.05
370,4,18,4-Jun-24,19-Aug-24,Complete,5983.22
371,4,16,3-Jun-24,15-Aug-24,Complete,5165.52
372,4,10,14-Jun-24,26-Aug-24,Complete,7102.16
373,6,1,15-Jun-24,23-Jul-24,Complete,4772.77
374,5,7,14-Jun-24,24-Jul-24,Pending,3021.11
375,1,18,3-Jun-24,19-Aug-24,Complete,2057.74
376,7,7,20-Jun-24,14-Jul-24,Pending,763.86
377,2,16,6-Jun-24,2-Aug-24,Complete,7216.44
378,7,16,14-Jun-24,16-Jul-24,Pending,5313.22
379,6,17,2-Jun-24,21-Jul-24,Pending,6460.54
380,9,18,4-Jun-24,22-Jul-24,Complete,3713.75
381,6,1,22-Jun-24,30-Jul-24,Pending,8990.40
382,1,10,1-Jul-24,30-Jul-24,Pending,3098.54
383,7,7,14-Jun-24,29-Jul-24,Pending,5332.75
384,5,7,24-Jun-24,26-Aug-24,Pending,5121.87
385,10,10,27-Jun-24,3-Aug-24,Complete,4407.48
386,4,10,21-Jun-24,24-Aug-24,Complete,3222.08
387,9,16,2-Jun-24,25-Jul-24,Pending,3647.06
388,2,16,12-Jun-24,30-Jul-24,Complete,2998.25
389,9,18,8-Jun-24,21-Aug-24,Complete,4681.00
390,9,17,4-Jun-24,10-Jul-24,Complete,1035.15
391,7,18,22-Jun-24,23-Jul-24,Complete,4448.20
392,7,7,8-Jun-24,10-Jul-24,Complete,5512.72
393,2,10,11-Jun-24,3-Aug-24,Complete,6847.16
394,5,10,26-Jun-24,27-Jul-24,Pending,3346.65
395,1,16,8-Jun-24,21-Aug-24,Complete,9263.77
396,6,17,18-Jun-24,31-Aug-24,Complete,8106.69
397,6,10,26-Jun-24,3-Aug-24,Complete,1298.58
398,3,1,17-Jun-24,20-Jul-24,Complete,2898.42
399,2,1,24-Jun-24,21-Aug-24,Pending,1896.10
400,4,17,26-Jun-24,9-Aug-24,Complete,9662.27
401,10,16,26-Jun-24,16-Aug-24,Complete,8440.70
402,2,17,7-Jun-24,14-Jul-24,Complete,4936.89
403,3,18,30-Jun-24,30-Jul-24,Pending,8844.81
404,6,17,1-Jul-24,20-Jul-24,Pending,6452.13
405,9,1,29-Jun-24,17-Jul-24,Complete,9038.20
406,8,18,11-Jun-24,20-Jul-24,Pending,8473.05
407,10,18,7-Jun-24,23-Jul-24,Complete,9118.36
408,3,18,12-Jun-24,30-Jul-24,Pending,2983.69
409,2,7,12-Jun-24,15-Jul-24,Pending,1899.41
410,9,18,1-Jul-24,17-Aug-24,Complete,4354.72
411,7,16,13-Jun-24,25-Jul-24,Complete,3266.01
412,7,17,14-Jun-24,26-Aug-24,Complete,8204.74
413,7,10,26-Jun-24,12-Jul-24,Complete,1461.99
414,1,16,11-Jun-24,23-Jul-24,Pending,4520.83
415,9,18,1-Jun-24,7-Jul-24,Complete,4981.67
416,9,1,21-Jun-24,30-Jul-24,Pending,8544.66
417,5,17,24-Jun-24,30-Jul-24,Pending,1443.12
418,7,1,4-Jun-24,22-Jul-24,Pending,1612.00
419,7,1,10-Jun-24,15-Aug-24,Complete,1088.46
420,5,1,27-Jun-24,24-Jul-24,Complete,1441.37
421,1,18,23-Jun-24,14-Aug-24,Pending,2587.95
422,3,16,30-Jun-24,12-Jul-24,Pending,2018.64
423,6,10,16-Jun-24,5-Jul-24,Complete,5549.11
424,7,7,16-Jun-24,13-Aug-24,Complete,1384.94
425,7,17,18-Jun-24,16-Jul-24,Pending,4428.81
426,3,10,9-Jun-24,17-Aug-24,Complete,8270.29
427,6,1,2-Jun-24,20-Aug-24,Pending,4658.86
428,1,1,25-Jun-24,15-Aug-24,Pending,4212.78
429,5,16,13-Jun-24,24-Jul-24,Pending,532.41
430,10,10,15-Jun-24,11-Aug-24,Pending,3785.13
431,2,16,28-Jun-24,5-Aug-24,Pending,3586.90
432,9,1,13-Jun-24,8-Jul-24,Complete,2425.44
433,5,17,4-Jun-24,20-Jul-24,Pending,3794.01
434,6,16,21-Jun-24,6-Jul-24,Pending,8680.94
435,8,1,15-Jun-24,8-Jul-24,Complete,4486.22
436,8,10,29-Jun-24,31-Aug-24,Complete,3486.99
437,4,18,8-Jun-24,6-Aug-24,Pending,4186.19
438,9,1,29-Jun-24,9-Jul-24,Pending,5889.59
439,10,18,8-Jun-24,17-Aug-24,Pending,8679.07
440,5,7,24-Jun-24,17-Aug-24,Pending,8306.92
441,2,1,18-Jun-24,3-Aug-24,Pending,1100.67
442,4,18,6-Jun-24,10-Aug-24,Pending,7913.31
443,6,7,1-Jun-24,27-Jul-24,Pending,4510.12
444,3,16,18-Jun-24,21-Aug-24,Pending,7828.20
445,2,17,6-Jun-24,8-Aug-24,Pending,8838.59
446,5,18,15-Jun-24,3-Aug-24,Pending,2026.37
447,4,10,2-Jun-24,17-Jul-24,Complete,4656.70
448,2,7,16-Jun-24,7-Jul-24,Complete,1208.30
449,5,7,6-Jun-24,12-Jul-24,Pending,6938.40
450,1,1,13-Jun-24,2-Aug-24,Pending,7671.71
451,9,10,25-Jun-24,17-Aug-24,Pending,2522.83
452,7,16,30-Jun-24,13-Aug-24,Complete,2174.90
453,5,10,9-Jun-24,23-Aug-24,Complete,9883.53
454,8,16,15-Jun-24,20-Aug-24,Pending,3361.52
455,3,18,2-Jul-24,19-Aug-24,Complete,4571.51
456,7,7,3-Jun-24,11-Aug-24,Pending,7368.74
457,5,16,21-Jun-24,15-Aug-24,Pending,7205.22
458,3,10,29-Jun-24,17-Aug-24,Pending,3358.85
459,4,16,28-Jun-24,10-Aug-24,Pending,4875.48
460,4,16,20-Jun-24,25-Aug-24,Pending,7301.73
461,4,18,3-Jun-24,10-Aug-24,Pending,2056.22
462,2,18,17-Jun-24,7-Jul-24,Pending,8709.52
463,10,18,5-Jun-24,12-Aug-24,Complete,2769.92
464,1,7,11-Jun-24,21-Aug-24,Complete,9158.24
465,7,7,20-Jun-24,29-Jul-24,Pending,8557.86
466,9,17,30-Jun-24,9-Aug-24,Pending,1333.03
467,6,18,9-Jun-24,11-Jul-24,Pending,7695.53
468,4,10,28-Jun-24,17-Jul-24,Complete,8339.80
469,9,1,5-Jun-24,14-Jul-24,Complete,5951.37
470,8,17,18-Jun-24,7-Aug-24,Complete,8862.08
471,6,16,27-Jun-24,23-Jul-24,Complete,8293.09
472,9,10,28-Jun-24,12-Jul-24,Pending,8048.81
473,8,18,8-Jun-24,17-Jul-24,Pending,4805.44
474,4,18,25-Jun-24,14-Aug-24,Complete,888.26
475,3,10,14-Jun-24,12-Jul-24,Pending,7262.31
476,5,1,18-Jun-24,11-Aug-24,Pending,6293.29
477,5,7,23-Jun-24,3-Aug-24,Pending,1780.66
478,4,1,2-Jun-24,28-Jul-24,Complete,8887.67
479,4,7,13-Jun-24,24-Aug-24,Pending,3632.42
480,5,10,13-Jun-24,24-Jul-24,Pending,3675.43
481,1,17,7-Jun-24,31-Jul-24,Complete,2781.93
482,7,7,8-Jun-24,2-Aug-24,Complete,2743.66
483,4,16,14-Jun-24,7-Aug-24,Pending,3266.12
484,8,1,1-Jul-24,15-Aug-24,Complete,6853.05
485,7,18,7-Jun-24,26-Aug-24,Complete,6439.13
486,5,7,14-Jun-24,24-Jul-24,Pending,6256.21
487,2,18,18-Jun-24,21-Aug-24,Complete,3405.38
488,6,17,14-Jun-24,21-Aug-24,Complete,8395.78
489,3,18,29-Jun-24,27-Jul-24,Pending,6052.54
490,4,16,18-Jun-24,28-Jul-24,Complete,6964.16
491,6,17,3-Jul-24,10-Jul-24,Complete,4338.29
492,9,10,22-Jun-24,4-Jul-24,Pending,7654.25
493,9,10,7-Jun-24,12-Aug-24,Pending,2985.36
494,5,7,15-Jun-24,20-Aug-24,Complete,8785.51
495,5,10,18-Jun-24,25-Jul-24,Complete,2405.60
496,3,17,25-Jun-24,28-Aug-24,Pending,4283.18
497,7,10,22-Jun-24,26-Jul-24,Pending,8069.31
498,4,16,13-Jun-24,26-Aug-24,Pending,3718.71
499,9,18,26-Jun-24,14-Aug-24,Pending,9202.76
500,5,17,3-Jun-24,18-Jul-24,Complete,2657.70